pca1,pca2,pca3,pca4,pca5,popular
0.16071557871434475,0.2956357985177313,0.4595635982622469,0.9510732581044354,1.8513161043811825,1
0.0628420809130229,-1.203649859014753,0.1996196801061156,1.0417083889012626,0.540990490873184,1
0.09448646136085223,-0.33119179995070047,-0.5669342564133197,-1.0472229717011854,0.2828722635016976,1
1.0320640800815006,-0.1244879889552301,1.038847219014094,-0.6905846138611708,-1.1019401444595038,1
-0.8656936700867758,-1.0052010108506868,-0.4968986784565293,0.9061273387907844,-0.7767451922020296,1
-0.8329835833086856,1.014433949101311,0.4347666493562653,-0.01787045601613918,-0.10736272207490025,1
-0.885669305584224,-0.3662308155604217,-1.9679088066142438,-0.32747049825534685,-1.0790482338192962,1
1.1335161893458914,-1.174969355721572,0.24560610499000654,1.445334232072778,-0.012329098587764216,1
0.23056217767256443,2.0305369273218705,-0.0016753349963358477,0.6991736644806205,-0.22043757617079124,1
-0.8455362666755785,-0.2814968550344954,-1.153297947603766,-0.6190708112594262,-0.049818494077943705,1
0.08195363327000477,0.5643644085312156,-0.591538325036529,-0.5261050177032162,0.7302149454456393,1
-0.8535320864820852,-0.6080952678183374,-1.4617326329022367,-0.7182031958930563,-0.04879604755509817,1
-0.957101691196542,-0.6952345369669913,-0.9836169192310211,0.22840663681051138,-0.2612635672842536,1
-0.9075586791577055,-0.6360955448700704,-1.1191979600462976,-0.06673048606825145,0.14978557017458305,1
0.45363197668376887,-0.4205713311553172,-1.1608018363405566,0.1961757214762324,-0.36284004117969915,1
-0.23161404467042696,0.2659690014542982,-0.1743876787114929,-0.7106253174809888,0.47385108605738924,1
-1.3108856707825007,-1.5221425904180577,-0.949469276692897,0.046308264926010256,0.057368349287301265,1
2.026170604728662,-0.3688379449310588,-0.9447008298119266,-1.19021192098776,0.4128841861582969,1
0.22469503214381317,-0.732642663124766,-0.3687472933933941,1.046048416432431,-0.2314195521595553,1
-1.1157349257784863,0.1447815856854529,-0.9687517814777893,0.4035704238254968,0.13052938658341215,1
-1.222334893615095,-0.512502647557615,-0.9117459869024631,-0.5765155960568988,-1.1946264066887708,1
0.5314950168777332,1.2199338640346493,0.6542548746507499,-0.8799862408036864,0.6774572028291105,1
-1.0249372048680976,-1.1903751079915923,0.464735261266123,-0.8806256949108422,-0.44907553003984757,1
-1.274996257960213,-1.0212296321312127,0.586167468868136,-0.522108970734956,-0.32510304318794536,1
0.118957940479349,-0.932079808529304,0.4827037751316174,-0.6571903533167102,-0.9329379443976666,1
0.34160501396852594,2.7187298022136,-0.0275874197638368,-0.13025939403296646,-0.3023288086117136,1
0.41855281288262286,-0.7593594599627821,-0.41304114561070526,0.6378419406312588,0.46597345889503894,1
-0.24623584811899402,0.1380232109590601,-0.02713180819655809,-0.4766402473338592,0.8776834254913977,1
0.7307006487582574,-0.27211058384231024,0.15008629651375038,-1.1409955176951887,-0.6510041824316376,1
-0.3811835069295402,-0.6380196157170522,-0.5891382683974633,-0.9895945441691698,0.6907495227885803,1
-0.776711784546944,-1.4580465690646662,-0.057727289014245425,0.8197192809909035,-0.20855940844896118,1
0.8619426507332871,-0.5951203067183248,-1.6049355264271443,-0.3328653084002614,-0.09919531079609438,1
-0.8156459344614183,0.9390164056113962,-0.4225269560334022,-0.717262488739791,-0.34582391436904925,1
-0.9367308990458192,-1.3077788249526985,-0.5442504025107999,-1.1339291728644745,0.2861530376371851,1
0.41622692822571483,-0.7275118145061913,-0.8023425970033778,-0.26353823133547516,0.21336576140435576,1
-0.5688511324648822,-1.1293526401594154,-0.13748694956926477,-1.1588237759001794,0.6287651892045105,1
2.138418264894888,-0.8009914479012697,1.0365544830591833,-0.19042829057997854,-1.293620886554399,1
-0.43248570973579953,-0.35186238776600826,-1.8542395913400722,-0.3515150800785999,0.09169658675868447,1
3.142033232176095,-0.2891990658141773,-0.04155246365502954,0.7787954964962187,-0.7773661015688244,1
-0.45126999712685845,-0.5369911018760474,0.9387509918162641,0.6803800066460015,-0.6739224251903728,1
-0.24683693900014303,-1.4473437226893513,0.06450061181053733,0.9303638129560945,-0.1791603406339361,1
-0.4341594632687027,-0.5573201615531961,-1.4021201298000363,0.6486069731041872,-0.19668218193182968,1
-0.03691192762862819,1.9401188282533592,-0.005934355339494254,1.0346443145966049,-0.05724804645298759,1
-1.2168691950118513,-0.7911519004393586,-0.5550723627273115,-1.2206033635356872,0.03572446286135027,1
-0.5504653574862504,0.7123822295969731,1.5794609736417269,-0.5006745990843545,0.5021613806240379,1
-1.2987151315074157,-1.0205170226570284,-0.9655396892265782,-1.0726729849608938,-0.3864339182670783,1
-0.8362429282050154,1.3973064074770571,0.22244375479363498,-0.49610287163268413,0.5306322324588028,1
-0.8923315352452932,1.6507834998479907,0.6886139696190476,0.9198627731960357,1.0823222344521077,1
1.5011803560657908,-1.0364776333248782,-0.4918135315413231,0.9560491970796794,1.1299473424221065,1
0.5315924035339497,-0.20740500256104846,0.8378988675053856,-1.1496870047094407,-0.9879804951686644,1
1.7992945798272324,0.8475986582312303,0.4240996147198671,-0.5451597607614751,-0.9620842000455145,1
0.9065584371207884,0.07535081424102988,2.237248664738392,-1.7655212331144257,1.0342010879349464,1
-1.4516561954481662,-1.4690167811732922,-0.07126448786819199,0.5978541452095556,-0.893358619761877,1
-0.7799998378772787,-1.666556967535272,0.5466597596302589,1.6085087930321638,0.722964187057227,1
-0.13001135474747028,-0.13379719552353986,0.8296496685693521,-1.012893715752582,0.4467347717264695,1
-0.8751227693510367,0.5191844724421171,-0.9212817104506015,0.29042805515982056,-1.1093081433535943,1
-0.003277214994088236,0.015348129681758948,-0.004993712172395067,0.0227279407340514,0.007537117258060821,1
0.10163962531338716,-1.2032366760229238,1.5710535560725956,-1.9189492491959794,0.04050989378986089,1
0.04444117444542818,0.1176361292866947,-0.5023620952388372,0.6748010051285913,-0.6785534751953372,1
-1.559606801939772,2.2771465936537063,-0.025227176003152274,-0.3025664948711758,0.24038805678564054,1
-0.730502382024506,-0.4328229401069348,0.2940381077899611,1.4664948744929343,0.6106818798119618,1
-0.04429491641273238,0.08225761698721928,-0.20316307863402897,0.40373289093394144,-0.24847286156420076,1
-0.00034054031351699043,0.25876167604203193,-0.5173590042532573,-0.8716374911275385,-0.1501543502231132,1
-1.129527110887048,0.6871398308706326,-0.18761721509798648,0.6600147722668009,-0.18551097274248068,1
-0.1753760849184191,-1.6444227459582637,0.4156036007518297,0.2539790236981123,-0.4648995135482064,1
-0.3837370598057536,-1.048851945680506,0.18395364434234418,-1.2161270459996953,0.15100135535085912,1
-1.7726383305948992,-1.8919337733047572,0.5789701249416943,-0.19321727535406077,-1.136839868954019,1
0.24746656796683697,1.4797817773746178,-1.4719815149132458,-0.10221185494916718,-0.3731942667266228,1
-0.27822134436914264,-0.32823003997884775,-0.6745955394843606,0.24819359138548133,-0.8814735918808763,1
-0.4744841493309262,-0.9557178978065118,0.3911642962756938,-0.938354079531807,1.280577669422421,1
-0.6525881972685248,-1.0740031841288435,0.8126437412506802,-1.1136822702997793,1.4169305603169826,1
-0.8416984121547975,-1.4244555130430647,-0.2764781117036884,-1.121692707847016,0.5253730211627576,1
-1.0873234109511143,-0.44717296983282984,-0.525261680865588,-1.105126438942969,-0.6915518719638615,1
-0.003277214994088236,0.015348129681758948,-0.004993712172395067,0.0227279407340514,0.007537117258060821,1
-0.12093679233439558,-0.595267292777981,0.613688276815121,-0.5571489805531098,-1.487483739383844,1
-1.3863758109078823,-0.7543938446892687,2.3063110189621474,0.422230538297367,-0.8470556048913755,1
-0.8297533826060021,0.5489720485323917,-0.6860649331741414,0.2811122666244112,0.08748683744094918,1
-0.003277214994088236,0.015348129681758948,-0.004993712172395067,0.0227279407340514,0.007537117258060821,1
2.025754054050657,0.3341408631327487,0.10387839320244083,1.361253556968917,0.6274908369632611,1
0.9286418628724107,-0.9176062450381015,0.23525552658184273,-0.8656347300778147,-0.16763768383195377,1
-0.34731996753260524,0.12245035243988794,0.009342575724459436,-0.8884104501934583,-0.9981818825577233,1
1.5724858865018194,-0.6667475221629103,-0.6801988905223328,0.5379382523704879,-0.8370987530592185,1
-0.6422890680579155,1.963490423984532,0.452260922944946,1.4579152622408382,1.0510205304165523,1
-0.6633152189099395,1.9512182768137167,0.873539859514706,0.006669205966324067,0.03539305961863387,1
-1.4613684432841245,-0.8204937626111715,0.1397921100705997,-0.32357555052850573,0.9542565246599123,1
1.3161220660037758,-1.7048315010869404,0.027327416076440535,0.32667609563435995,0.3115088050105577,1
0.14218899397670076,0.11328558943435309,-0.908435552225348,-0.5133574982166567,1.1388158529502224,1
-1.0831719159786544,-1.4811552393766365,1.029117976599767,-0.2271133673504104,-0.748106223339278,1
-0.003277214994088236,0.015348129681758948,-0.004993712172395067,0.0227279407340514,0.007537117258060821,1
0.12479204647796277,0.3762598459461881,-0.9844277368940852,-1.3113641312110376,-0.6932020520490005,1
0.212482656960099,0.9790077548061203,0.685808364616231,1.7950090890803632,1.0226230725136558,1
-0.003277214994088236,0.015348129681758948,-0.004993712172395067,0.0227279407340514,0.007537117258060821,1
-0.1435634994031657,-1.4921533576539803,0.3185054740471692,1.3307780682455086,1.5487307722061472,1
1.0708542911355359,0.25087516914282465,0.3813982102058669,-0.2375271462714763,-0.9073930220424579,1
-1.9564932309311667,-2.0554022208194094,-0.1274931900622795,0.02618913043876138,1.079996965305597,1
0.44961631746843517,-0.765442369691973,1.082065949836009,1.7676024299281277,0.12412753107832636,1
-0.3177283221733527,1.4218081404189573,-0.4344449954200646,0.40102126476905875,-0.630244405008585,1
-0.4199442909924069,0.7483249003545861,0.19796561939346904,0.49139762875026766,0.43813478738458483,1
-1.1315762594840635,-1.4557337079402206,1.1847953676133285,0.4130902516999738,-0.7097589390050422,1
-0.2376613606513123,-1.499856478233976,-0.3110958727826467,0.8607830022787203,0.5580580944296611,1
-1.558509534036725,-0.40289111690034035,1.3743123489885296,-0.8162607331496919,0.25593803353400013,1
0.35847901607315236,0.5501968074783622,0.6689819440675421,-0.846310635695851,-0.6219707044974936,1
0.9019766677846219,-0.824370291721665,0.9020873449616491,-0.8612422080614391,-0.6799747390637579,1
2.9160461367491908,0.06004268599105485,0.8795693062096072,-1.3416421490850947,-1.1594713470765567,1
1.1684287463782808,-0.4803339159556529,-0.7515420981584506,-0.3717807129892574,0.39904045819809697,1
0.5644651679575796,0.2746585022853039,0.3131155658357304,0.5190324789154082,-1.0498945767829633,1
-1.9342487135357591,-0.7339188919077664,0.16410660143070901,-0.6785217050683843,0.16180096466853805,1
0.7065207836518173,-0.8854318723334759,-0.532240107199452,0.6061786028036174,-0.47171391674613317,1
-0.14633654269373006,-0.7548101920975148,-0.2823547448536282,-0.1903521282200456,-1.6582581643404923,1
1.2169092556752443,0.046089082938133186,1.7077692732604008,0.5506186461013826,-0.965797146910644,1
1.0848520578294523,-0.7564921665461127,0.849792243631833,0.35205102993937026,-1.2117683436774784,1
0.2923685189397368,1.0978533681115858,0.2837462461193621,-0.4315683474866317,-0.6011278964849737,1
-0.8246214324611182,1.7751501730100927,0.4304783990551934,1.1999047742412954,0.31074478164498315,1
0.49248285871447506,0.7425973976738147,0.028886788441906577,-0.3827227909444036,-1.537297942411267,1
0.21353242105320086,2.249378584701889,-0.4754906112049867,-0.25631266486233306,-0.4160231864851079,1
-1.5272927368077405,0.3992759055159693,1.1296154310144657,-0.1886905393948589,0.8915752654462086,1
-1.3211312124451637,-0.7081402246285939,-0.5077058681538259,0.13132347695129723,-0.5670792246675332,1
0.060705661076611586,1.9017302444736184,-1.0021969938369097,0.7129129111292287,-0.3130159382899222,1
1.3371817175149063,-0.7100626321394317,-0.8115991861865353,0.8479795133058534,-0.6183281762570915,1
-0.4642430984341846,1.0125171892638312,-1.5226422114353337,0.24655031342595832,-0.5707419248849481,1
1.1566295815741876,0.6028503072872248,0.25165854106470115,-1.2257109833388287,1.1972553443057523,1
1.302261177961018,-0.182496751817734,0.12821268634911492,0.4679537695646147,-0.7556325490473338,1
1.0202898256936075,0.9446845046016297,-1.2681203214622059,0.33899052268921087,0.5692618826494067,1
0.46851675361868794,0.7865440890375649,-0.8611207058206063,1.2195510711096353,-0.045149077577727056,1
-0.3873094826763095,0.0147088209918501,1.0504338421186192,-0.971653871677082,-0.44242069092638875,1
-1.2258719641370235,-0.37834295422246766,-0.16191088135674112,0.05866607337818117,0.6670504401580054,1
0.5311395438044357,1.8420164642799612,-0.1999488014032526,1.4010555343004283,0.5489837121918913,1
1.6125919168011915,-0.5901849900657682,0.037226388996768695,0.7980707629869023,1.4640871139650828,1
0.5488629846084196,0.09468435455290315,3.1105070427157355,-1.0576055243709712,0.2811476097599813,1
-0.8746042109906697,0.6822137231261901,0.2208713154486101,-0.29904691036677133,0.8900681833467007,1
-0.7413581278001251,-0.7872683043958953,0.3693721954005862,-0.5699702049238118,1.4209721229034669,1
-1.664273243217034,-0.399396557157266,-1.1870319643945495,0.2519910255408491,0.08324235668187338,1
0.5736200746080424,1.6629642891541692,-0.7159932315215247,0.44989501895525713,-0.48991756076003046,1
-1.0367956457097625,2.950296638783499,0.3359388011320543,0.2940609425479901,0.2570468874068735,1
1.0860720812745575,-0.017835613614754116,0.8627291393063667,1.2276048853774377,-1.267359444018807,1
-2.4363329377408895,1.1892810839912789,-1.1367031633366513,0.7920161895356441,-0.33975459429068544,1
-2.133729933886789,1.6269561892499964,0.8060652031333353,1.3508799249959123,0.3355457393296007,1
0.3688965754555809,0.15767246510083427,-0.3540468295938993,0.20184366444946428,-0.10882262885104843,1
0.5553795872342535,0.5939368272370424,-1.7420364622920486,-0.35988332243795895,0.2978843058925172,1
1.5471883987364399,-1.2402312285485555,-0.596099776312183,-0.3086394504626515,1.1429957269663147,1
0.6415007833880717,-1.605271316327702,-0.7792396014682677,0.242131071513555,0.8638547424620533,1
-0.163708709328285,-0.9898854236077437,1.1218947656437415,-0.9490401050190479,-0.5519263573408927,1
-0.7594615785492108,1.8930557256566953,-0.8448977118699836,0.09522832165905457,-0.21794509980226057,1
-0.891428071475326,-0.91070778406139,0.26403027302139737,0.9043908710950526,-0.7019418750713265,1
0.605788840544207,0.2188612984436946,-0.8977546030380964,0.11144942545168439,0.4549654479622884,1
2.8019244708427036,-0.41368419756175767,-0.08251073021049579,0.0004242974747507011,-1.4810206725400934,1
2.1389620663687747,0.07981712012637575,0.004361180436927167,-1.6430100865975121,-0.20382403595506635,1
-1.7910593119625984,1.5868280199183236,1.9149625050671373,0.5274389360626519,0.12166146396065292,1
0.4116946124467059,-1.143555776554027,-0.1790658916540815,1.2396660261570644,1.2519137656008266,1
2.955497795575985,-1.0227933392806052,-0.2054374044630541,1.350275786283005,-0.6582179061272938,1
-2.082077263102936,-1.3493346443854628,0.11684230536750685,0.5451517228004478,-0.7900358643350283,1
1.46424342555367,-0.5050910992958504,-1.028144121395789,0.14218600747673885,1.0118246495163425,1
2.24582883025447,-0.05309542584560177,1.451840458219917,1.7645470859860493,0.19587615460386112,1
-0.16741845342710246,-0.4920275671182207,-0.8579443959061637,0.23655316899913623,0.014923311783109475,1
0.061497909231966144,0.900052053185219,0.9912355378811071,1.355210149430377,0.3253654078930085,1
-2.8345055008099775,1.1863162813277859,0.46068415664148454,0.5317966767643852,0.26094479265416615,1
-1.2298226799029686,-1.4803718726566126,0.058187205401339565,-0.462487001619547,1.153445097295313,1
-0.17647955183329644,0.5840795664836964,0.3646740443010297,0.8240276556573518,-0.31457397368388135,1
-0.812893139879517,0.9132066673236978,-1.511901068951075,0.07727704804342633,-0.6302513187245593,1
1.4243816191405752,0.21917388750623154,-0.6017561459157219,0.5078393832779583,1.4255994394664613,1
0.03914128186849851,-1.132380780748492,0.20059678525024974,0.6559952938171638,1.3252523986583045,1
-1.6822604885280685,-1.3421697535708161,0.2909717275974081,1.1834479926681658,0.19055851217896902,1
1.9471385638276242,0.7166351603028865,-0.5874070190489995,-0.5130929598025157,-1.2257033602630312,1
-1.182817646046418,2.9494204711420955,-0.3959021748753878,0.467541731679522,0.5316736498944393,1
-0.09372335434621926,2.775046951454765,-1.1116300685498894,0.041322905104541535,-0.39064386738572143,1
1.230331235342154,1.6865471451686491,-1.1407271098525364,0.8517190586073276,1.1750370406132047,1
-1.9836422187675835,-1.1417056490934105,1.3971286331437947,-0.32191804566207755,-0.5268830316102431,1
-0.6582913505199633,-1.0018261485924804,-0.4951458867163588,0.5365680179120254,0.5579280956508412,1
0.5774058415751713,-0.9705128217798065,1.3408037219325482,0.7801220151678365,-0.543229207691779,1
-0.7651579574903927,0.28110557837260397,-1.1838576562245435,-0.6023225904869776,0.40057213997819435,1
1.96268174091193,0.09981502306663047,1.4465861398914925,-1.1284048026920064,-0.7791976164992053,1
1.2225370195419605,-0.24591787132695064,0.057165990519492935,-1.2998966564406356,1.0813994296758813,1
1.6445658535801744,0.3323944994120116,-0.048552526295408266,-1.4898608740359098,-0.6534005291310856,1
-0.7408268006070498,-0.6989370421290012,0.4998161999646569,1.5756016989801838,0.4246026258639621,1
0.1388646205054469,-0.08270699423839872,-1.0754303971318542,-0.9623229463252014,-1.0401978022556384,1
0.9010706396648501,0.02813608653354746,-1.4080749752811323,-0.7363565318782466,0.4274915812426991,1
-0.003277214994088237,0.01534812968175895,-0.004993712172395067,0.022727940734051398,0.007537117258060821,1
-0.45354234993545245,-0.626336648816965,0.015935462933826403,0.8284390145416094,0.2869344020331014,1
3.2099127906508933,-1.2982972224488785,1.4372592708488892,0.5019196702154204,0.1218877874368518,1
-1.0126118035493228,-1.0177880874087968,0.056540182485551,0.5307075482891458,-0.9023336659495326,1
-0.010114665727172609,-1.0626242091442357,1.0206892735562438,-1.5204999855515013,-0.34039876598560237,1
-0.17264717883508596,2.303083954205773,0.06101856132083602,1.0349413834145031,-0.2444555646194436,1
-0.003277214994088236,0.015348129681758948,-0.004993712172395067,0.0227279407340514,0.007537117258060821,1
-0.97720418015549,-1.8613725308005868,0.021831001864126176,1.4344778750903486,0.3148829010295249,1
0.9599663053618394,-0.48796457779914904,0.6359783221007326,-0.6288923831096318,0.9393798090331917,1
-1.4042055012442796,-1.1333648967636236,0.18119848662412957,0.2258320593771583,-0.5718082463684647,1
1.0505566062407456,1.0000048130044668,-0.5625328168006462,-0.8407334531180793,0.04611602401034711,1
0.8152237832964493,-0.251028324684378,0.0013162239182338276,1.2229528627663113,-0.45216174667826603,1
1.0507575540957175,1.192864480992859,-0.7280561522965736,0.2982782297373097,0.8697952275425382,1
0.2500082339708162,0.5870543768442094,-0.28754269061274773,-0.7007231304556645,-0.9474926898699547,1
0.33795372831565956,2.1377873797052693,-0.7197581262727334,0.6808816676508742,-0.37292315530193065,1
2.3716831205687217,-0.4779500209588351,-0.31978226415572275,0.08867051212412635,1.8716296086606234,1
2.25841545884253,-0.9881715657257374,0.4451432588520459,1.3563362745865581,-0.4957511934331886,1
1.5570807227649006,-0.32556907212398456,0.08776020741029561,-1.3864898057878545,1.0962963105590993,1
-0.3032193036249027,-0.8813946154022848,-1.0031702809010548,0.8761992311157689,-0.4864898497539175,1
-0.003277214994088236,0.015348129681758948,-0.004993712172395067,0.0227279407340514,0.007537117258060821,1
-0.7618340307304625,-0.9428442347558783,-0.5146524157744427,0.4423311539397236,0.27256795789089727,1
-1.6956103362780621,1.2903895853212453,-1.0192352144953554,0.23149049349238457,-0.17127285375702378,1
-0.08976360476754833,0.39769923825494236,-1.6678820747998055,0.69204690301293,-0.0063185030806943085,1
0.8759961594842021,-0.09240249946432375,-0.7319288116542029,0.9297900062391838,0.025147557912947205,1
2.9120214975155077,-0.4399911364531919,0.19759151243034623,1.4445545996574871,1.3749789287886736,1
-0.03804280378383553,0.5963580026486608,-0.7396846762905459,-0.8672319653364512,-0.582897546456221,1
1.4026219828067896,-0.9222306594078991,-0.14817433562074228,0.1966546153828597,-1.5406140984638077,1
-0.9065432668513039,-0.7859967332110558,1.2584220244946638,-1.190438134727372,-0.01766495779091845,1
0.06741999501850576,1.107605710314759,0.09558130131608936,-0.5764379890217611,0.9002211719567774,1
-0.33078855599440377,-0.628555789014204,0.8757178967965497,-1.2308514920531015,-0.6098341398674845,1
0.8395758631470307,0.5798700052761374,-1.492700610095143,-0.24494693149084318,-0.4936497250625418,1
0.7766651536512778,-0.8848212829107734,-0.47593662290646704,0.48557884224440995,-0.977947853120779,1
-1.3994599367967437,-0.6011606972398182,-0.5337337433619345,0.550626532839393,0.14469590970848104,1
-0.2707029328537707,1.5616574876645757,1.426744735735749,-0.20041482104807004,-0.6757280879960137,1
-0.8092174095945467,0.7398745679989367,1.610482244246591,-0.6480961736181255,1.1679248377014773,1
0.42561111508086075,0.7209234895587993,-1.306187517489835,-0.29923702484676346,-0.08469563963939836,1
-0.001958175127645609,-0.87245624626757,0.8923707329594105,1.255273113510645,1.4323320552272447,1
-0.5263700249783979,-0.09543996478851818,0.66926158204004,-0.9449460545737595,-0.4104170123519839,1
0.14053515545765485,0.6479333339367325,-0.8565841742355113,0.060533291145842966,0.6822385183587152,1
-1.3131527811422865,-1.3385724655962496,-0.41724720307080654,0.244541174585611,-0.8388172252256708,1
2.1564542621426277,-1.2107377821008527,0.24677824984423644,1.4620290369644506,-0.943930093170454,1
-0.2530464054463173,-0.35911642235793373,-0.6540160856416621,-1.3001891677476383,-0.975583857882855,1
0.25693433102303925,0.8420236190107937,-0.30199968370868296,1.153971688551378,1.0567454396975555,1
1.0639062924650484,0.6171041656415621,1.3914030970502,-0.460092365834309,-0.03412765812425868,1
1.5032366554207155,0.7290357710080035,-0.5934093528600511,1.0490295780321026,-0.2816101588164065,1
-0.27288214344776995,1.9951570115807462,-0.06926489040517544,-0.01340611293009003,0.8047639677490771,1
0.42632538224581257,0.02000762244365828,0.0406104655092213,0.08600490400704511,0.40055016371488517,1
-0.2654535879581179,-0.19738584640780432,1.0709671930973785,0.7694214355022838,-0.5305388636913609,1
-1.088305637496918,2.001269240838464,0.4976694737403422,0.6973659493105465,-0.3481323583054617,1
-0.22777440192942583,1.0879352600707992,-0.5043867232565498,-0.11395438624749343,-0.46092243604805583,1
-0.4454549158792357,-1.3107632361942638,-0.5128581674254562,0.27576020511115046,0.567311578918263,1
0.28379658745825864,0.6718925027450693,-0.3823185935350089,-0.9416650218591719,-0.49415740865404845,1
-0.015833169816621306,1.8017308318715153,-0.36107862398324597,-0.2179201060365761,1.164219301038253,1
-0.8544999057949257,-1.0351803298901292,1.7994004535221895,0.6716208082556705,-0.996244626670905,1
1.7111638534482176,0.40654363619546646,1.607973480475956,-1.1912021580839993,-0.9131874717485662,1
-2.0517602612413275,-0.23683195749418595,1.5022109595892845,0.006520287713829412,-0.17057710227245676,1
-0.41961816819248055,0.2443856253913289,0.5608632233566639,0.282052314553902,-0.6141587906513217,1
-0.045574294623756964,0.017665696204202733,1.1366346022869567,-0.7841918963989439,1.832057560228265,1
0.7287586016934079,1.4277782418769498,-1.0914016104456008,0.2657419811515131,0.3743320237574394,1
0.692108017429587,0.9556107610401947,0.8267205894864341,0.3723843937550961,-1.4404083569841106,1
2.61660338985579,-0.6592769360725862,-0.42507721466834547,-1.4096381499284485,1.7524781456934244,1
1.2598311497257895,-1.1398859193504012,-0.3996119097364016,-0.6604830556036445,1.4506030038029845,1
-0.7572187200455381,0.8265789317231896,0.5090117026317781,0.5245427688444192,-0.7558936602464632,1
0.47908503331147684,-0.2053292084253459,-0.89526969939207,-0.9074143887956132,-0.008441897664910422,1
-0.829364763562425,1.8896835202388227,0.5391820031503864,0.026119259690403317,0.526525065248026,1
0.8836690370697109,1.1403718099819362,-0.5508433955708352,0.9527144927526806,0.43680873743094856,1
0.26017670044742924,-1.281380497499314,-0.5184479223883082,1.0727504121941718,0.5207652182638675,1
1.2770019447865726,0.2507055666787763,-0.2110674135495822,-0.3727832186227538,-0.5830606257583505,1
-1.4171324444929516,-2.0612114962033674,-0.19943569945820822,0.6998504460178744,0.7074441208381896,1
0.9337071510312156,-1.2197922399830254,-0.8288653907506122,0.5397034144176143,0.6473230420746597,1
-1.0823827167256959,-1.4632668592059677,-0.2026317573542538,0.8317784869772683,-0.1726268045873015,1
-0.12873113357719268,1.0564032255987088,-0.38277596355716165,-0.7619411479712229,-0.1480334982203741,1
-0.009213427791718888,0.9486815556091996,0.12536207873021907,-0.5071082421949336,-0.9838401216861393,1
-0.3374523827223972,-1.5541024963739516,0.9192779552389252,-0.6543876568876786,-0.6906655902240332,1
1.371476616316892,-0.6895062509072623,-0.7473641109093464,1.0760217580542728,0.5587430535803742,1
1.9359658779965108,1.1020102527330033,2.193797284183439,1.056487199959792,-1.401433277639383,1
0.6319186847437703,1.0199466648850672,-0.5058925311432414,0.45884808602910093,1.0959059151339348,1
1.0922622934003732,0.7349352829494926,-0.6108944051644503,-0.03633144003848589,-1.709554535653115,1
-0.06595709976291517,-0.2946643516751019,-1.2380223303101723,0.6361946480206863,-0.1991153440143884,1
0.5237676134202957,1.3545895860590864,-0.8169726801710302,0.4583991851224445,-0.5162439437618669,1
0.8255013077426422,0.23471379350673865,0.6263630225551912,-1.3508650609869115,0.5866713977767117,1
-0.2676991088233694,0.6797955104854967,-0.09024737064729879,-0.9320552595003215,0.757743737660195,1
0.26324102457678616,-0.07140210062965809,1.7570307982629054,1.856325920740296,0.19261021288312868,1
-0.6323951149930825,0.0038863382841699094,-0.736066053658694,0.04576372200936527,-1.141067822070039,1
2.418912648661571,-1.378961806491271,-0.38249081774676885,0.9737156901203983,-0.7627591309831453,1
-0.24982773432872088,-0.5848195038020867,0.7668412515544689,1.453413515239733,-0.31272585860447555,1
1.396893036750851,0.4622246246491151,-0.003605979215265648,-0.8226960015294928,-0.812764877668779,1
-0.06900048851965115,1.435263686742105,0.6477419474290486,0.49580819434115503,-1.0520442616449117,1
-0.6009476500647609,1.0488063585560843,-0.6752495115228427,0.3950905835595214,-0.24887884909683167,1
1.7231619832028504,-0.7388890996063544,0.29456173620624343,-1.6670011858553229,0.3520346473336787,1
0.6180476883182469,3.3014606485564952,-0.006368687775627685,-0.21690336643170294,0.24620716467463954,1
0.8654435069214879,-1.014550710375132,-0.3484586524272423,0.8976812533382401,-0.6720412563836903,1
0.4479073048011775,0.8049078714974824,1.387571731320103,0.40361486546373576,-0.7217825976892496,1
-0.003277214994088236,0.015348129681758948,-0.004993712172395067,0.0227279407340514,0.007537117258060821,1
-0.6554769909841774,-0.4189134203830356,-1.6698896794370184,0.050685940528765135,-0.8552635555944802,1
-1.3435351983463522,-1.561804574935384,-0.28277212535379825,-0.6196961051376835,0.9959099972117313,1
-0.606362115583662,-1.8866482942308873,-0.9609365817224799,0.4945221776184567,0.03811034922101713,1
-1.0169381596833416,2.4593707266208393,-0.19870998926860756,0.04015455586537249,0.3367452070128805,1
-0.4887803706342075,2.2009100272531734,-0.14101930915114003,-0.509412091109782,-0.07900710520330481,1
-0.029273337703554128,0.8024994251846453,0.21164895923713778,0.425370286651593,-0.601607987308221,1
0.5072714985741167,1.072756143305515,-0.2150475290599386,0.06628728255144037,1.591139877623814,1
-0.003277214994088236,0.015348129681758948,-0.004993712172395067,0.0227279407340514,0.007537117258060821,1
0.23860244427218197,-0.07171884838010002,-0.4522956407244181,-0.11776369071199047,1.1312513363510095,1
-0.570337153283262,2.007039394664673,0.09640627861354148,0.9077105861061855,1.2911118694046955,1
0.5945551756196438,-0.9385317420059562,1.3372722638607202,-0.11771915909276821,-1.1117440355907762,1
3.3355266123817047,-0.5893264592479861,-0.8391762366966629,-0.3406547547480177,0.8970123476338924,1
0.027764284271846608,1.9946047532719324,-0.9912524738733148,0.655042920800895,-0.8044407097975035,1
-0.6925255058695969,0.9426983663671129,-0.9633958415950735,0.12471536017285102,-0.4292258552398166,1
0.7803968848081096,-0.0562447067358888,-1.6464116284927437,0.012503766247877593,0.0048088813045405465,1
-1.6008352826037833,-1.3399171298117303,-0.4617954673923028,-0.3250866604075074,-0.9794823954099602,1
2.1981538517918753,-0.16875180739805248,-0.702688025717884,-1.1952259707784796,0.5628998235288235,1
0.2747341455468572,0.6530493211676766,-0.4176371080861324,-1.093096373851631,0.49204748730731035,1
-0.5301811800009164,-0.8464205871799986,-1.277495202079278,-0.5005541902099353,0.18656026323894792,1
1.6351504467801348,-1.3074581620846253,-0.9797305328678447,0.8289168796235499,0.4168021122536228,1
0.24827702148377417,1.0262513535886761,-0.9488569097215236,0.7862427002846382,0.030199101973136848,1
-0.5939162937832478,-1.3088901524375847,0.7784403523110528,1.1664814885687593,-0.20853202069367327,1
-1.2924955871372363,1.0641750749801744,1.7155895410404407,-0.5645856354983192,0.945264409495143,1
0.41994557434253854,-0.014952151388181067,1.3532885262667684,0.2131503950663203,-0.8979567853457833,1
-0.618754592784983,-0.5050823022673974,0.5898427373620684,-0.6862613711861244,1.5072938023019955,1
0.6535865530249277,0.7229285091585544,-1.0864727971880077,0.08877308012202664,-0.7023912562181414,1
-1.3497326653325374,2.102073944687664,-0.3537510394063586,-0.06782609652902241,-0.33492420772476694,1
-0.15783544998389035,1.3087457057845922,-0.11683165324733484,0.37124942358923174,0.4768575559033938,1
-0.003277214994088236,0.015348129681758948,-0.004993712172395067,0.0227279407340514,0.007537117258060821,1
-0.1320977199446223,-1.40251280147017,-0.5313408355488085,0.8115154198087521,-0.3784144838304187,1
-0.003277214994088236,0.015348129681758948,-0.004993712172395067,0.0227279407340514,0.007537117258060821,1
-0.3643876366634738,1.8947835446424652,0.31589193778947133,-0.1908129742423135,0.9257367830780966,1
1.0904685804345406,0.953514154978397,1.0528705575789787,-0.7743678277498134,-0.4670339543078966,1
-2.7551825859032424,-1.4343188549415997,-0.6965596065664383,-0.5684407759950639,-0.8478072146857201,1
-2.7838925806944244,0.3850020962429447,-0.43384075841844616,-0.46322287184280214,-0.3305038851840347,1
0.48332412092980337,-0.7225092572083305,0.03864606520088257,-1.1315027554184434,0.9236272114505184,1
-0.6862006390562875,2.041098243282713,0.8623546086932432,-0.25038592951908123,-0.33320644562858404,1
1.3001365111726946,-0.6290916071622191,-1.6502802921845205,0.03725782063888018,0.051173614829614356,1
1.2137908633698236,2.451656514886663,-1.1106288808692022,-0.010531630295225435,-0.42731250399620296,1
-1.018449368513509,0.18534054315588436,-1.1026674857549967,0.1804899414251397,-1.0151028444748875,1
0.8025238720211844,0.4859929877000342,-0.20296334946936417,-0.5273342033772697,0.6510874324320557,1
-1.956067724593416,1.1716143825301233,-0.27767816885971,0.06269505346138304,-0.32357300348897733,1
-1.2425334327564292,-1.4711679278285557,0.6851740622447264,-0.07695616069202176,-0.9508203518158335,1
-0.5201220872606345,0.9949931470793856,0.37638460960507325,0.9833662324420773,1.172627706464786,1
-0.21129547783057595,1.2701628761463168,-0.7691539952604933,-0.32929793357114684,0.4847260384083178,1
2.020660664878092,-1.6169419711319613,-0.8322433228867857,0.08077599633703689,1.5291499800631325,1
1.1099130587520583,1.1071380130455024,-1.106258840431241,-0.3178580086205177,0.11158888325007658,1
0.24677098192203933,1.0292595746980568,-0.09582608022576769,0.6770216051324487,0.30249901908906157,1
0.19711082212601372,0.8924754592640988,0.3033754674892992,0.778270812555633,0.4161092363301652,1
-0.760427657432274,0.8084717599777631,0.07231200153922855,-0.35614622218818,-0.17709870584910004,1
0.43095816220759703,1.4509492511912663,0.8014649920129151,1.1854980410148004,-0.26277939292158625,1
-0.4306857388260523,-0.8969885566074829,-0.40823740826840516,-0.4317067870211417,1.1440120620357432,1
-1.3834663193293923,-0.4740777064230913,1.85519397406347,-0.7301429391817343,-0.47781093201185354,1
-0.5627788952985439,-1.767389744478932,-0.18534925867807894,0.42465847788583927,1.4463785765212858,1
-0.44406429750536097,1.1719073894624719,0.16745953326962376,-0.3782593837435027,-0.3003641310464443,1
-1.2521384665956927,0.6661973480463118,-0.5329396775484799,0.29088465240212624,0.14005596021089,1
0.9953566012574667,0.34212640675932726,-2.04242575422635,0.008575952344134621,0.0938483913263288,1
0.3148089175177208,0.4481257065582022,-0.021107614305470826,0.5852610605131867,1.07738456454176,1
0.5345071118628877,1.3790973630004297,-0.7178668219246502,0.314322608047225,0.6479790486661398,1
0.5342422801209611,-0.8702272950730275,0.6637142153665809,0.24855268520456644,-0.6994774665226919,1
-2.389591632497088,-1.3482808193855385,-0.024225203504864488,-0.3537240906197678,-0.9309465585925437,1
-1.3968399641826743,-1.4364427589406483,-0.5319105386661667,-0.7340870643633026,0.6790955017996064,1
-1.0486880666980192,1.6366993750660406,-0.25732131336812436,0.7173701333166208,-0.17194782322756993,1
-1.1864757695348505,-1.3069944421477935,-0.8221603701183704,-0.5207005490444043,0.42194007776673886,1
1.1662675059370269,2.407398487702916,1.413453573081713,-0.23230234510647127,0.1015930384483593,1
2.9061340219456566,-0.8856331597621038,-0.12954541047289964,1.183313877837783,1.493745554841189,1
-0.4131924798058005,1.7201514628744194,-0.3926706743124999,-0.6204970479989332,-0.4291701955217679,1
-0.44145812844920235,0.6291657168929325,-0.8340176238899764,-0.6720530074713033,-0.44910474953762775,1
0.11182864716298573,0.5168810125355107,0.41425848458355496,-0.22369007410801162,-1.0249528782163924,1
-1.0661406710390793,0.13085198078513743,0.21590331597456755,-0.6728513811829013,0.39105176879267856,1
-0.08255029150182883,0.5872413198665002,0.17103665085218342,-0.05159290898766835,-0.14080538096182713,1
-0.4448484023620475,1.6361885463802304,-0.1933808060520246,-0.08157999416768684,0.3886108796887778,1
-0.003277214994088236,0.015348129681758948,-0.004993712172395067,0.0227279407340514,0.007537117258060821,1
-0.003277214994088236,0.015348129681758948,-0.004993712172395067,0.0227279407340514,0.007537117258060821,1
2.163772980060589,-0.17769793095027936,-0.5756187126353365,-1.9137630036312416,-0.5327080028101878,1
-0.4811785522310353,-0.8535946713080796,0.04292948847283425,1.4156846992643561,0.20266627280882626,1
0.3510831871588622,0.3142179237688337,-0.6578599906359937,1.2395842690527576,0.3248937640261621,1
0.07109546376754491,-0.7743901257340531,-0.3999829374657926,1.1759892764716864,0.34067754699511127,1
0.6640165289222638,2.404861664237884,0.040906803905177064,1.0583287880230423,0.35998530361293135,1
-0.6311223478927921,-0.6441443023352309,-0.3288691562889435,0.6649046454769144,0.5156783882382531,1
1.6807257567770666,0.9734960010501656,-0.8190881503160521,0.20710093303622243,-1.0737059373583462,1
-1.39802998073147,-1.2157191443071915,0.20960424013861925,0.8097258458682789,-0.7913998935054213,1
-0.575465780358959,-1.1510967097594185,0.9701515345767321,-1.244000086139079,0.9499583924640714,1
0.9304972688156599,-0.0053973920684834975,-1.508773605160898,0.14833456266106473,-0.4679347213918627,1
0.026579404342173714,-0.5320988268854446,0.15979886596080312,-0.7966269213528048,1.0566048473481429,1
0.17373465124628462,-1.5278764463370542,-0.10145797404179893,0.7664170125667328,1.4058713875808457,1
-0.9982712018120896,0.9460825623068869,-1.3523445916883725,0.08230075787868625,-0.2862584221529374,1
0.10530775604112633,-0.8359288361553524,0.16211480042036452,0.7699972883597748,1.9625020935310853,1
0.892382653279843,2.7542741056377125,-0.18440783330864363,0.4600756995470124,-0.37663244653527367,1
-1.9257697761181278,0.548411885791719,0.3775830928335033,0.4453554902390948,-0.4813508786725424,1
0.6568146634761407,-1.418747806725746,-1.008423019443861,0.7133837725023555,0.5890370069760388,1
2.644110161045689,-1.3855104882557943,-0.14689683316164104,1.3578172927432466,0.4409421148676474,1
0.5777568186463595,-1.1666663085420432,-0.06312683752551448,1.4852718381912047,0.21915047778839805,1
-1.254790510213686,-1.2250009571200515,-0.3059739086032824,-0.9017602516612663,0.4895722896363871,1
-0.40124777662855726,-0.16940920989491862,-0.4917927976102462,-1.137796631767407,0.1935273214741866,1
-0.6905792101447529,-0.9825477356523054,0.36855296787692565,-0.8915293006104619,1.031172662214949,1
1.5972972317427228,-0.9923870397129901,-0.4065285484061183,1.2092309689802911,-0.4666181694495336,1
0.22186496899494962,1.1800896425059437,-0.49089802189694975,-0.20820356688164382,-0.61520381857708,1
0.15803728192132283,-0.25598700159202026,1.3270884149830444,-1.2849679535573195,1.1394302549408841,1
0.06834411879614419,-0.9625208195750063,-0.50308266745129,-1.1135034073228685,-1.2550219390142232,1
1.1801731603093577,0.529230076420151,0.8990129743074693,-0.0490373228887287,-0.7823914330901973,1
0.10983203722969945,1.7828978032989105,0.6662188134132425,0.24628055732032478,0.051932689947185445,1
0.452968821164762,0.8511014564273156,0.6234494152165972,-1.0252357473745133,0.7856532577686227,1
0.14830729718698546,-0.36383643002128435,-0.35864114264180913,0.24188898156628572,-0.9060415696223104,1
-1.08822781140001,3.1659782991054013,0.3057603311406037,0.450517869380039,0.24156262017531652,1
-0.003277214994088236,0.015348129681758948,-0.004993712172395067,0.0227279407340514,0.007537117258060821,1
-1.5274907864566063,-0.9397652474516613,-0.14328622989260067,-0.6607816850529109,-0.26615727507443687,1
-0.3011684751497948,-0.12494921611304577,-0.7321370879184148,-0.9410999270518933,0.39659992740945765,1
-1.0590600676770208,-1.0676708562827537,-0.2057973010000429,0.06114202702005293,-0.6884022438107193,1
-1.5730554182592336,0.2458850324186594,-0.8444700952507506,-0.4651799605326824,-0.7325996665559158,1
0.26188570695855895,-0.39718508869711705,1.2140145985877344,0.23448109404458847,-1.0873117920912794,1
0.3251448144528579,0.08347657287552664,2.3606745521102144,0.6661306469395841,-0.5616000844279367,1
-0.003277214994088236,0.015348129681758948,-0.004993712172395067,0.0227279407340514,0.007537117258060821,1
-0.9229293344812477,0.2176959157930359,1.1454811168253172,0.218990034718765,-0.27243267484442724,1
-1.0203649153519896,2.712979143597038,0.47811770102831563,0.4143579995315402,-0.20134781391130335,1
-2.1861983749018954,-0.3745855463702743,0.664275094616479,0.17939266121086792,-0.0051351772479038965,1
0.39903748663023725,3.0456422009867117,-0.8169143201698132,-0.24572591195736207,0.3946372416883071,1
0.4109926407813762,-0.5477831498428943,-1.408193513402725,-0.02621378083421222,-1.4359722054459612,1
0.22555555348011097,-0.22517299775945238,2.0304582491893357,-0.17279223343664982,-1.0118816324391804,1
-0.5645660256389327,2.1158172281589835,1.8142004888027956,-0.14650380608404173,0.7249407173943706,1
1.222962178521814,-0.4660317708480949,0.5424309482503831,-1.6990917473131064,0.3698989152194414,1
-2.932320369421566,0.4765881132840716,-0.5521510359470094,0.09006137954013804,-0.15851613723543811,1
0.23809886779307873,2.2716828851104753,-0.7765006006739313,-0.2102652276462661,0.36791747043239786,1
-0.7552502292074609,-0.21033528226852027,0.34937739167128357,0.7632186568711486,1.3118500801015454,1
-0.5578467107749349,1.4351476882589296,-0.2401716076444627,0.9355475559224476,-0.7506312640940601,1
2.2207867374523014,-1.0167097517666646,-0.791189656581308,0.4946395953982622,0.4524789043407599,1
-0.9051418575044808,-0.6875051253567075,1.6702371735597943,-0.48298581789586437,2.0089020066749277,1
-0.4823462555255188,2.054135515202095,1.1264392054860892,0.6229399891995393,1.0036690860366686,1
-0.34931613393890765,0.7930389477381478,0.8549554828748246,0.3352232113939375,1.707310112022277,1
1.4618157003257046,0.20480194782227906,0.6323337126199233,1.3298182264416558,-0.8912200277519325,1
-0.1734308577906676,-0.6796488408905552,-0.27482291754876104,-0.260707830916703,1.1976447996069892,1
0.22859670196746512,0.8481112813226968,-0.7422229743397107,0.30224998731417363,-0.6745962982844395,1
1.0542313790594509,0.3230587913291634,-0.8659069111091131,0.11770110838471731,-0.5542160445918484,1
0.46870048892960897,0.26868471053588167,1.2902429606115529,0.9409405490581696,-0.1774358752966732,1
0.2263730834965478,-0.4860723581402411,0.6266957312873135,-0.401965553596945,-0.6908423247439848,1
-0.8881824194569536,0.7582207055996303,1.4368859593333019,-0.5183670866307628,0.3437493722557511,1
-0.6483610577879182,1.2978171564937218,0.023758646576406812,0.46786686592960675,0.4168567208199163,1
2.806307026034738,-0.2634033899040519,0.5106626208344975,-0.8884839515508707,-1.3899564350878542,1
0.09100071643013434,0.38593618504667504,-0.5928503723080798,-0.6184127272317802,-0.8105085498972368,1
-1.8049782209182355,1.0935957103404423,0.6815178921075429,0.6372390048694957,0.24736238847645756,1
-0.42059623231753707,1.3441332224946074,-0.3310761617161552,0.8201842021028826,0.4304378113469855,1
-0.2892586380043374,-1.09326691220596,0.19034700524390852,1.429412462925521,0.3887080563597593,1
1.7489406198040773,-0.3221143335500587,-1.392964343355164,0.040315273056346315,-0.3143880806709923,1
0.28029621957746076,0.12079699191292982,-0.5299101998914991,-1.1908367058529883,-0.18667331047604607,1
0.4381129493665805,0.3327641616069762,-0.41320657349082907,0.05245887043739156,-0.9663661219320866,1
0.2867791465285049,1.0398860068492959,-1.5313018499351905,0.41275100941061227,0.38666930379640324,1
0.10060117448279471,-0.19411367197218926,0.45941268909330335,-1.004479134238349,1.0629553672853747,1
-0.30846363845453667,1.931513509023754,-1.5055505693304638,0.3168228567268115,-0.3728539104557593,1
2.3571922038467394,-1.4607102004215056,-0.4494454083955621,1.860039264887501,-0.34853720422426543,1
-2.151750102147193,2.1730974974919395,0.6169205823385102,0.9823083786564955,0.2884383812059192,1
-0.04442639367380477,1.5538667484328084,-0.9937405873948242,-0.4985710862907597,-0.005794810590463741,1
-1.277896496475372,3.3125021132773376,1.0123821805243194,0.3633747985473247,0.015633095028081717,1
-1.0120859616418794,0.13032490790837056,0.34589216889212804,0.5262390794220001,0.08899511907459723,1
-0.42233684818091444,-1.3134009875199637,-0.5840692396491693,0.018832001381725787,0.6425088549996413,1
-1.0126084750328053,-0.5399141419997129,0.9487336611832046,-1.172220762851849,-0.214318923335351,1
-0.06212824519025762,0.6998667262340281,1.1049660307122031,0.3279458920492669,1.9722376325890594,1
-0.2105940831745593,-1.0403878961573583,0.8481661789031264,0.6185054543888391,-1.2190247360325652,1
-1.8262640136280415,-0.904036466148681,1.4492045631102821,0.9687064167635951,-0.3374443906148562,1
-0.008984716557022598,-1.505006102227599,1.611457582608069,1.3136987258036763,-0.4742194326078025,1
-0.9922263731442764,-1.2557047333689688,-0.032706475098302865,0.47877583895047077,0.7006512938343336,1
-0.21953497520197754,1.893527167757302,0.18442101555850582,-0.11521960833817232,0.8686976379456048,1
0.38400926446645234,-0.4039489863633023,-1.1746466098718324,0.22305765532337038,-1.2898657638606104,1
-1.1665581669928828,1.0873223810982977,-0.6607283515736695,0.18475689445280966,0.17726054493125626,1
-1.3981014586301266,0.3665670232885765,-0.14776858429791767,-0.3169743383454667,1.1235201499933887,1
0.5020284223539752,-0.13631179317933564,1.5204527846730742,-1.3235997813527427,0.160273202235741,1
-0.04503575649801958,0.353587504951394,0.7026603324791051,-0.678949064286221,1.3686105154915,1
-1.2732763051765716,1.340479161301254,-0.08358629133712225,0.3115068680572386,0.07199235167473021,1
-0.7150415813226914,-0.39887896912490955,-0.5410129007964797,0.9706600152018993,-0.208532045043159,1
-0.9213191643384235,-1.4286745279043354,-0.6351528241486366,-1.2204569709765942,-0.9563778273562633,1
-0.7954245701360668,-0.7922753018320485,0.02760980855830296,-1.2068949961398971,0.2989133194181763,1
-0.5147325926860541,-0.09619319085616287,1.5285442637636173,-0.9468858836444775,-0.15174101160035594,1
-1.3233326860471293,2.5318019523716866,-0.6212170026469745,0.8609659889812646,-0.21060619034292774,1
-1.2291205778386842,-1.414441264557321,0.8199791515406769,0.7250629730065166,-0.6079765487273374,1
1.1751892564152397,1.2383922575841024,0.12108476778978362,0.5572117006551405,-0.4916787244674842,1
-0.8321635217841976,0.26821117404938166,0.22916937350429628,-0.4160562186874243,-0.4357542930126089,1
-0.003277214994088236,0.015348129681758948,-0.004993712172395067,0.0227279407340514,0.007537117258060821,1
0.9026331138769035,0.5162673656049922,0.4118270654448399,1.7052420279533291,0.3213739010949285,1
-0.12515037068469956,-0.43848529230970557,-0.8307222185848191,-0.9139344640598833,0.5903465724372673,1
2.342183192991754,-1.1668252135783952,-0.289159315774757,0.4478123310932194,1.635599011041854,1
0.6647733268092053,-1.040120152006445,0.6637280373572804,1.5657871897053306,1.7225843639091445,1
-0.3828678496119468,-1.024888448090451,-0.36536828343240707,1.0258548939911902,0.44847076445414974,1
-1.6527244200415034,-0.07472319675742875,0.1302073919226549,0.6661553272911919,-0.18312893998409802,1
-1.2693159428074126,-0.1065466884856974,0.9944795898556106,0.8601865259664124,-0.7306094272930714,1
-1.3601874898069246,0.5137873180257287,-0.015299572904511699,0.5658634582322541,-0.1939957121509225,1
-1.7189164629192732,-0.7975206170071556,1.4290598509315078,-0.538021468196693,0.928698214419774,1
-0.07646693334866206,0.8443229883704436,-0.682601558179407,-0.29525529379997717,-0.978933940236021,0
0.1649451997616886,1.0917673768942062,-0.36390000763059166,0.25125252583301727,0.1788499244820974,0
-0.971702369118871,0.48845658696965755,-0.546588882942341,0.16179576007286545,-0.6131823144310908,0
-0.8674595643161105,-1.549436608556495,2.1636045959098884,0.05805842205994586,-0.6459956541591958,0
-0.2143626520998623,-0.20319443336205603,-0.06157152908742919,0.3517938005623825,1.0418202124448595,0
1.6372615872878529,-0.16802063479330617,1.088042810727059,1.3288010258030512,0.05149293367267193,0
0.4017653682935972,1.2513509543931522,-1.565680396681384,0.08519577181260676,-0.5960815704353318,0
-0.058593189192080106,0.8231326738243875,-0.9122891245157068,-0.5114155752526143,-0.17501965177619988,0
0.006111200091434811,-0.028620487726230957,0.00931204523950676,-0.04238202063112012,-0.014054870296793592,0
-1.874729064762629,2.3208598552756343,-0.5041278856281208,0.3247850436164823,-0.2218406264880003,0
0.3111231792362029,0.9611075317778638,-0.5976199800458045,0.030310557225993705,-0.7782671905130086,0
1.0035710164988012,-0.030470295464404107,-1.4655914991481185,-0.44921213150283007,0.06868098516939129,0
-1.107567259039211,-0.9240689236807728,-1.6916267636234616,-0.07972044549978262,-1.0680297750313057,0
0.4885180045120584,1.8162301831820848,-1.263110285268108,-0.42561439724965205,-0.855963578983427,0
0.11428248130019006,1.1034546637045253,-0.9184471899783816,-0.34038474368937705,-0.6053896648482365,0
0.5738535830431027,0.2306898848773141,0.32742132324763223,0.45392251755023655,-1.0714865643378177,0
-0.5207927649153934,-0.8903892045879886,-1.2631894446673761,-0.5656641515751067,0.16496827568409345,0
0.9213055579463555,-0.10345521689498494,-0.699254726362461,0.8984006595253774,0.04562896634845844,0
-0.3549992215779508,1.8508149272344756,0.3301976952013731,-0.2559229356074851,0.9041447955232422,0
1.2934957022569384,0.49310016748517893,-0.8644358351379193,0.23710493312842776,-0.4065282814043966,0
-0.8361478515900554,-0.32546547244248525,-1.1389921901918643,-0.684180772624598,-0.07141048163279808,0
-1.8980527225182948,-1.067667960334459,-0.5960885491469659,-0.8935314509390674,-0.14023904709883056,0
-2.3552434985395756,-0.022932293542993976,-0.7344050063759818,-0.2864357637038848,-0.2597055859226094,0
-0.8361478515900554,-0.32546547244248525,-1.1389921901918643,-0.684180772624598,-0.07141048163279808,0
1.8343740086136937,-0.5291596197492727,-0.10441349675259046,-1.874572074970737,0.8280230280224397,0
-3.4159640623418257,-0.07478866631991353,0.5290416473192503,-0.1035572964436439,0.588357380986865,0
-0.5169816098928749,-0.1394085821965081,0.6835673394519418,-1.0100560159389311,-0.4320089999068384,0
-1.305391634538204,-0.6118267441567469,-0.8308757236706532,-0.3043054505276291,-0.8317065899977326,0
-0.9786460954948661,-0.7220901242039293,-0.09889286212003971,0.3047438515617179,-0.9420364319789654,0
-0.3660543654454058,-1.8354335019338146,-0.8367886824068889,0.14243523812014502,-0.19649383480026977,0
0.2772139261356962,0.9061799414257339,-1.1124136780712,-0.3534452758393436,-0.4746844563965631,0
-0.8981702640721825,-0.6800641622780602,-1.1048922026343957,-0.131840447433423,0.12819358261972863,0
-0.20579871462486943,0.168092100405986,-0.15541170696302437,-0.7511230783437738,0.43341160240868515,0
1.1778171614638038,-0.524302533363643,-0.7372363407465489,-0.4368906743544289,0.3774484706432426,0
-1.5889927576674898,-1.6024749651430323,0.7569884402608067,0.07891888002477448,-1.1002325469316672,0
0.5015424405023763,1.020256434768799,-0.23411746172088974,0.02699407300123783,1.5108380437603859,0
-0.6323085786172701,0.7460758330536464,-0.5117168206555766,-0.38201201068109525,-0.6671861171514235,0
-1.3014972556969777,-1.5661112078260475,-0.9351635192809953,-0.018801696439161273,0.0357763617324469,0
0.14110028106986355,-2.535544732295581,-0.03032066874231057,1.2527766472350088,0.9081752163172234,0
2.127877811421815,-0.5249051363420741,1.1626874712114201,-1.3180235942472,-1.3554653511789765,0
0.41843890799212563,-0.6415870253288801,-1.0301072640968723,-0.09774924897172382,0.2143863328806888,0
0.006111200091434811,-0.028620487726230957,0.00931204523950676,-0.04238202063112012,-0.014054870296793592,0
0.2511733297524925,-0.5675927089045312,-1.0480842331797926,-0.19095408427646235,0.1336125528438959,0
-0.04986009145862089,-1.6235587704287562,0.11027334165133024,-0.37616348624374857,1.386967077099014,0
-0.8268545131194924,1.3533377900690675,0.23674951220553686,-0.5612128329978556,0.5090402449039482,0
-0.84197007346537,0.052048310769442954,-0.9357809908556243,-1.0202322804845336,-0.5967072815896005,0
2.035559019814185,-0.4128065623390488,-0.930395072400025,-1.2553218823529315,0.39129219860344244,0
1.0670034584475099,0.7708907809913911,-0.37063786447852076,-0.9315819592979371,-0.7593607589172345,0
-2.7235062372018186,-0.9984935424019435,-0.637275029218781,-0.6328920017612963,-0.1684197710045205,0
0.41914495594421075,1.149826906705681,0.7798065758212064,-0.8857019297619387,0.6830734543189994,0
-1.0315887892504265,-0.05897932647680232,-1.0674980822973723,-0.8297389639029848,-1.0403075865644469,0
0.006111200091434811,-0.028620487726230957,0.00931204523950676,-0.04238202063112012,-0.014054870296793592,0
2.8408282795823725,0.5076092384085079,-1.2436040991611301,0.5145149013004277,0.5173597302257982,0
0.42936221344820796,0.9370171959172054,2.709122347063925,0.027183014653383346,2.965924527282618,0
0.2385672917639387,-0.5303297692016739,-0.8038592624596096,0.3412633999209307,0.7793390447235947,0
0.23550282678127213,-0.030825350165786275,-0.8330344503411965,0.583226413203819,-0.010187722460326612,0
-0.767323369461421,-1.502015186472656,-0.04342153160234355,0.7546093196257319,-0.23015139600381565,0
0.5582513996939428,0.05071573714491319,3.1248128001276374,-1.1227154857361428,0.2595556222051269,0
0.7159091987373404,-0.9294004897414658,-0.5179343497875502,0.5410686414384458,-0.49330590430098764,0
2.3616377380345477,-0.8378502015126275,-0.7671639547917106,1.334823996699266,0.7523466144363452,0
2.9254345518347136,0.016074068583064996,0.8938750636215088,-1.4067521104502663,-1.1810633346314112,0
0.2211468104189129,0.45921063160142717,-0.7703314003005393,-0.7543730650886592,0.3156980157639733,0
1.004687072221335,-0.11987896121397482,-0.1732507076885489,-0.8572321064032534,1.4724834230459602,0
-1.219212991514097,-0.07486711760982472,-0.39099940078901024,0.15290665880348472,0.038871498549840754,0
0.006111200091434811,-0.028620487726230957,0.00931204523950676,-0.04238202063112012,-0.014054870296793592,0
0.9030367534707515,-0.5414508477461029,-0.12475574967836991,-0.05235841082602047,0.521287049658673,0
3.296959627497257,-0.14098606414585774,-0.8619687472606656,-0.9195383842935396,0.5403180765449902,0
0.3967004996130903,0.03267115464592223,0.6176938003686234,-0.5006895322184616,-0.28636901295777817,0
2.550898536684198,-0.17641073843444768,-1.190482095493214,-0.09987703099974331,0.38397706716209196,0
-0.8521550398614492,-1.5937093098879802,-0.38969033447630225,0.4114460689726737,0.6377069742966038,0
3.9837787221303858,-0.9976337895295065,1.0666971783943184,-0.9080543019541577,-2.0090317211030078,0
-0.0329939103170552,-0.7279938637768529,0.01658991834658784,0.4773047053086922,-0.5928880369921694,0
-0.028432491424172597,-1.4974074639284816,0.4615078050024024,-1.2738747388901106,1.45543346843081,0
-1.2359561008690925,-1.6422752755196495,0.211088370432188,-0.43812789680648206,1.150896689815663,0
-0.36372353165100324,0.7341239127504317,1.4059456966247488,1.0750617964788955,-0.19570881593821055,0
-1.0844088784499344,0.7789739609577419,0.9037046269272998,0.6233051469237882,-0.5617419865010651,0
-0.18762985726638792,0.23086566743404544,-0.37168175595195774,0.01869002887520803,0.5761209281808808,0
0.53342929830624,-0.902729809950942,-0.4906651490466608,0.5121164042856892,0.5311640920042138,0
-0.05328556251882076,-0.545187026314516,-0.32337915316069477,0.7648565690767503,0.5464947049459978,0
-0.5594627173793592,-1.1733212575674052,-0.12318119215736284,-1.2239337372653507,0.6071732016496562,0
0.2499632719960006,-0.9660738168925859,-0.7810540787778216,0.5013499386656004,0.8931277492326173,0
1.0205412209792422,-1.054499061396039,-0.40717616431637776,-0.7274819690544604,1.4676926850380592,0
-0.03098063368980946,0.14299031890113767,0.664669234608887,0.1295022824163742,-0.5623440556814732,0
-1.4733389589867782,-1.4022590971048368,0.500550263873975,0.9339294400955822,-0.09257815900052603,0
-0.7360063347383788,-0.8860911785294078,-1.0348444227155125,0.02114094351555338,-1.0098526299131072,0
-1.5265647189022604,0.48593101185110005,-0.1426836881107106,0.3701580891957895,0.30389524130810863,0
-1.5430949259501683,-0.586540804261028,0.3992096015914741,-0.9912232438666699,-0.5496817576673183,0
-1.9062857959048212,0.17261647222815396,-0.06550006212722351,-0.5024975474340138,0.28875397596156216,0
-0.4230972946502765,-0.3958310051739981,-1.8399338339281703,-0.4166250414437715,0.07010459920383,0
0.006111200091434811,-0.028620487726230957,0.00931204523950676,-0.04238202063112012,-0.014054870296793592,0
3.151421647261618,-0.33316768322216717,-0.027246706243127666,0.7136855351310472,-0.7989580891236788,0
1.056505579669184,-1.0816472821087475,-0.7585789347256399,0.26759157941271733,0.6412223265030338,0
1.4905537702090923,-0.7032586482345751,0.5292959523257582,0.2970457314141426,-1.007088018453043,0
2.44886337055482,-0.5402217639594635,1.0829575864854193,-1.2195029320684976,-0.3405600200044758,0
0.006111200091434811,-0.028620487726230957,0.00931204523950676,-0.04238202063112012,-0.014054870296793592,0
0.6420627135658474,-0.7456429437461379,-0.061671671521068214,0.3448391992937122,-0.84883741659514,0
1.2808939752413298,-0.11450496539981744,-0.38449425254033565,-1.281445270911826,1.3131579615441373,0
2.7006033136376173,-0.24382416986914582,0.828173236313838,-0.5214100687402201,-0.9721657346377861,0
-0.9293709341162855,-1.1399254079182364,-0.23836270858863012,0.07719523536744428,-0.7672379699986593,0
-1.7208207113739522,-1.3764376084738708,-0.8260700722674403,0.20235656293987048,-0.2911452506259587,0
-0.2985852283463787,-0.5290090034044765,0.25786484492564027,0.1195239312300662,-1.0133548303607531,0
-0.14844703489836727,1.264777088376602,-0.10252589583543299,0.30613946222406024,0.45526556834853943,0
-1.5142774284526772,2.099487319643745,0.4419857433278134,0.4949359214063604,0.6495636401304109,0
-0.6352769013777876,1.3696397897861843,-0.36484800822320274,-0.40597072516381494,0.6056411831815722,0
-0.37302263683830306,2.424788822032669,0.23598880015736717,0.20688303971080227,0.42212208570229415,0
-1.7452788815361457,-1.1737803215983578,0.9409136854965899,-0.8447100168999645,-0.3676766291612413,0
-0.8551349989513767,-1.448493135827092,-0.37798415243775113,0.8179708429590277,-0.2279514741707071,0
1.024903600445381,-0.23219598436503724,0.32091601262771663,-0.7930495604071846,-0.08364043528954836,0
0.8898216290298089,-0.6074943003114865,-0.33852961415970073,0.15564220614365126,-1.261046653523344,0
0.37480355384607195,1.0722640051525327,0.7378052818138442,-0.4801588810285379,-0.7136634413123594,0
2.2544203112764523,-0.6915569794853169,1.3778772582790528,1.465659765201934,-0.9746507094134378,0
1.607883440393178,0.6463597674694838,-0.9708595875174649,-1.0478659964397496,0.5156400314811143,0
0.006111200091434811,-0.028620487726230957,0.00931204523950676,-0.04238202063112012,-0.014054870296793592,0
1.2217042097000006,-0.06542890513978321,0.11702759444927224,0.006954254358804295,-0.8616479468167404,0
-1.716625086388825,-0.6909237263528195,-0.4278011331264315,-0.43671629212070756,-0.868919892910534,0
-1.0001525510401934,-0.4141397783616041,-0.7716984280448868,-0.4075798645298163,0.12762626422923212,0
-0.26826967780070493,-0.3532743724096782,-1.3494487786945928,-0.9547845249683129,-1.2216413382583429,0
2.5489068852988113,1.7034954864371228,1.5057685159388403,-1.2021558789235258,-0.6657497052926546,0
0.9159468522063114,0.03138219683304014,2.251554422150294,-1.8306311944795972,1.0126091003800919,0
-0.06544919553077189,0.3554602615355823,1.9516809619532174,-1.057011448701662,0.7070548541676227,0
2.668271254790368,-1.4580980001029147,1.1232456014530499,0.9955325998182831,-0.41243400653832685,0
0.05834480778695195,1.2668840999017938,1.5501076481044966,-0.5203405358567126,1.3877011009514952,0
-0.6083881103705533,-0.9454021416917957,-0.3159763854785585,-0.9768061134236223,0.4274719090526808,0
0.006111200091434811,-0.028620487726230957,0.00931204523950676,-0.04238202063112012,-0.014054870296793592,0
0.8923347315065353,1.0862918311046361,2.1003135306426968,-0.0983432694043968,0.1383609048708311,0
0.4526982315389969,0.9367770543763092,0.6957865559046221,1.2486013361934096,0.08573735776735072,0
-1.4422677803626431,-1.5129853985812818,-0.05695873045629023,0.532744183844384,-0.9149506073167315,0
0.7300440317591393,-0.6154030020190802,-0.06118150878552846,-1.8012508778806475,0.270875816780639,0
-1.6846225978484,-0.7575360996315473,-0.2675883342030631,-0.5636284162733992,-0.48748677166339044,0
0.5799752694709909,-0.3281062782011205,0.8703350004177047,-1.339336281193044,0.9945665826361978,0
-0.922795799485248,-1.8194719402512045,0.805444473012098,-1.2350683764024897,-0.7762463672119266,0
-1.3499091125531792,-1.904284798509848,0.6049588221569401,1.4660971144396895,0.4200963020371742,0
0.012005087137326648,-1.1426390547150982,1.5882810868518489,0.7257015401032869,-1.0738008821500051,0
-0.12062293966194716,-0.1777658129315297,0.843955425981254,-1.0780036771177532,0.4251427841716151,0
-1.0357117742243171,-0.6958335648536492,0.5619110934124425,-0.5879999673525299,0.2113042679741953,0
-1.7772944434935611,-0.8717858275437788,-0.9537302720005498,-0.7893664005053953,0.2488714096557962,0
-1.3438749670138828,-1.1221964882890292,-0.15850910407576085,-1.1565298828107335,-0.1114387874785288,0
-1.8953078218243802,0.2221564310683692,-0.4140256387053298,-0.45927550576420645,-0.4326942484807661,0
0.006111200091434811,-0.028620487726230957,0.00931204523950676,-0.04238202063112012,-0.014054870296793592,0
-1.0331242795357354,0.14473702142574563,-0.7463398361371718,-0.4359991279603074,-0.418433511409901,0
0.006111200091434811,-0.028620487726230957,0.00931204523950676,-0.04238202063112012,-0.014054870296793592,0
1.5456275396985835,-0.27897262596806705,0.31611436247046454,-0.5338175992726141,-1.3377989986734793,0
0.49410000658446174,0.6850869251273481,-0.7469460792290589,0.20132795895691435,1.0980283105231368,0
0.006111200091434811,-0.028620487726230957,0.00931204523950676,-0.04238202063112012,-0.014054870296793592,0
-0.9429321129216885,0.40231496965887625,-0.22113721109374157,-0.4496622557206317,-0.23580511662329653,0
-0.807703433363653,1.0095253823653771,0.6110304715666389,-1.1035255898393415,0.35410528872714875,0
0.8210097841771946,0.0690885354571298,-0.08758900078320456,0.03319489595093837,-1.1334686800396305,0
0.9132536482509319,0.5463490361103076,-0.5704148552958217,-0.10957824968327803,1.0169341759108512,0
1.9432041757594796,1.909339134432415,1.85030998373454,-0.9841775954685701,-0.16663978034728125,0
-1.9102074646300449,-1.2052318277457217,-0.6171324275059359,0.2697799814900153,-1.0374878321204268,0
-1.0779349958655913,-0.4911415872408197,-0.5109559234536861,-1.1702364003081405,-0.713143859518716,0
-1.0779349958655913,-0.4911415872408197,-0.5109559234536861,-1.1702364003081405,-0.713143859518716,0
1.1405623874681283,0.2142419666803693,1.0815077978517047,-1.2979955257768245,-0.05729453483833785,0
0.637169745003738,0.10899856569715688,1.7761415158426765,-1.6814654292089826,-0.04033500577291893,0
2.1583279767600128,-0.38731114881133594,-0.18810467915852896,1.0966913135006569,-0.5708986740971652,0
0.006111200091434811,-0.028620487726230957,0.00931204523950676,-0.04238202063112012,-0.014054870296793592,0
3.1045589924852437,-0.7924970182022695,0.08507005867966644,0.39708853654482157,-1.0681324933724385,0
-1.4072420046598373,-1.9123772206619813,-0.2537915867501107,0.47922934670571415,0.12960888882688587,0
-0.4754064065911706,-1.286298266844966,0.0197678653247471,1.0071461900208472,1.0900419740142893,0
0.9038098610851049,-0.09543636771923257,1.4387140839258423,-1.3044467608739163,-0.3446250038221049,0
0.5378548925619188,-0.7977991825006604,-0.37197887831677934,-1.724300989982651,0.048284639059341675,0
-1.139194929841963,-1.7575495510045696,-0.35535378456682454,1.078301833611179,0.16632359189542936,0
-0.7314383855215266,-0.7429056595369912,0.5141219573765587,1.5104917376150122,0.4030106383091077,0
-0.35918994629993745,-0.2006769045860771,1.0268078985980087,-1.121863374487506,-0.5474529897162358,0
0.09134204835552781,0.5203957911232256,-0.5772325676246273,-0.5912149790683879,0.7086229578907849,0
-0.6539268038244165,1.9072496594057267,0.8878456169266077,-0.058440755398847515,0.013801072063779452,0
-0.0014142987129460022,-0.3034885954017539,-0.04347495181136248,-0.5556635539238884,-0.6018247872109647,0
0.34734214340118263,2.0938187622972793,-0.7054523688608315,0.6157717062857029,-0.3945151428567851,0
-0.4703003764392166,2.1625852558106464,0.6556472122996108,0.3409526593718296,-0.42630392539678813,0
0.44446527908440525,-0.24039441823340688,0.5452508840423008,-1.425265498400716,-0.09693429603872271,0
-0.5915592349792379,1.0048377411480947,-0.6609437541109411,0.3299806221943499,-0.2704708366516861,0
-0.1942457231998427,-1.5956819806156461,-0.9905387159415328,0.5875804233596325,0.017413619784034454,0
-0.566077365273436,-1.1950653271674083,0.9844572919886339,-1.3091100475042505,0.928366404909217,0
-0.8180714443509765,-1.3619667877925012,0.930325096885382,0.7051787601862528,-0.9132626702887272,0
-0.982391624233265,-1.4622458965890415,1.3987338988247557,0.6591980431444933,-1.0631480711968286,0
0.6489449274944246,-0.8704100609845724,-0.012331013314400984,-1.4507103755558828,0.49631920836166465,0
-1.5307065808815377,-1.9810865232975237,-0.19449500012313442,0.2408742693989196,0.9328913534701543,0
-2.055090709203839,-1.8846266184307867,0.277375130598088,0.6783682170573899,0.17525188990620288,0
1.6219803318867143,-0.634153607473758,0.051532146408670515,0.7329608016217307,1.4424951264102284,0
0.7667344434350738,1.0325827957012952,1.6115468924687169,0.5024517978419694,-0.6689901322275802,0
1.080242706221059,0.20690655173483474,0.39570396761776866,-0.3026371076366479,-0.9289850095973123,0
-2.0246864464961494,0.31204028536199935,0.6983075126515195,-0.33105361501307684,1.434613380355197,0
0.8618266340831312,0.21548830864914464,1.1902127115353873,0.9585247872335633,-0.609168117984908,0
1.2946885972147804,0.5892246116404477,2.1637013336838145,-0.0727245062014262,-0.7731338248300362,0
1.451677949878746,-0.40411646645890126,-0.5252565939372505,-1.4891833750791694,0.7845580826812177,0
0.13571545198268176,-0.33197986818191405,1.342192418509679,0.9673915901850251,-0.8182913313617166,0
-0.5578570891474518,-0.6571432261092213,0.07579099653979877,-1.2651115118896155,-0.1599847375544407,0
-0.615745105672797,-2.0025878228287444,-0.7996030405059072,0.9674663457108352,0.2744043339554883,0
0.005310841214046299,-0.811789024927997,0.7858286002043614,0.46918424040330864,-0.967062552851639,0
-0.7688409461692645,-1.4024202151854137,-0.016649961737256885,0.9409015348816137,-0.2158886667858584,0
0.19152556785300826,-1.2742193173549627,-0.8871131752492013,0.7427217514444173,0.06799788677468102,0
0.10175097085210372,0.48348990222100297,-0.7681131861293495,0.2817304342942585,-0.6700548366107688,0
2.2678038739280533,-1.0321401831337271,0.45944901626394774,1.2912263132213866,-0.5173431809880431,0
-0.8417898830605945,-1.7153505630450698,0.8239710357798422,1.138266732689148,1.0833599525970545,0
-0.9913047294770065,-1.7099957095631146,0.18756892747211723,-0.6169087167969147,1.0124772484681481,0
0.7826289781156952,-0.42358993809233525,0.8132343640955181,0.1544552885320017,-1.2313038465244381,0
0.10939860743253632,-0.3383362373335534,1.9089041090472743,1.061175051291252,0.06981175402667393,0
-0.4114949404770666,-0.7963814449762924,-0.5230648163593898,-0.8103099149949825,0.38467034092032704,0
-0.7156457117961185,-1.800679802426539,0.29784872767471454,0.4739473075909151,-0.38459864248880204,0
-1.3409773362764728,-1.6129434774149287,-0.5823964783772826,0.5043245141970385,-0.5567980065583319,0
-0.5515647115117056,0.14332477952045508,0.7578047776211685,-0.11216818665525813,-0.689570168025731,0
0.05380285256747743,-0.5265448838117612,-0.5330746711380101,0.3780902177305848,0.12940065866295916,0
-0.5948970496148204,0.24930895257803634,1.4341748642556933,-0.4196367923108969,1.3353857439958892,0
3.3449150274672275,-0.6332950766559761,-0.824870479284761,-0.40576471611318937,0.8754203600790381,0
2.2075422668773985,-0.21272042480604245,-0.6883822683059821,-1.2603359321436511,0.541307835973969,0
-0.13694812760820707,-0.7987788095055047,-0.2680489874417264,-0.2554620895852173,-1.6798501518953466,0
-0.3918593615430342,-0.2133778273029085,-0.4774870401983444,-1.2029065931325786,0.1719353339193322,0
-0.6768122239707645,1.9971296258747233,0.8766603661051451,-0.3154958908842528,-0.3547984331834385,0
0.16067508547538437,-0.3148002140905095,-0.5819421633408858,-1.0473507259809245,0.27882452037413136,0
1.6590975150685383,0.027722711264247538,1.0337393724153274,2.2394756277126637,-0.09854264050665898,0
1.2262976707607676,0.002120465530143164,1.7220750306723025,0.48550868473621095,-0.9873891344654983,0
0.4581108749330901,-0.6602196248025405,-1.0289416982755508,-1.341661904050322,0.7289156110128728,0
0.006111200091434811,-0.028620487726230957,0.00931204523950676,-0.04238202063112012,-0.014054870296793592,0
-0.36378320149928567,-0.7470545754284991,-0.06919831843664956,-0.02038267033763519,0.059254493457724364,0
0.5238534399060121,0.9120382004217369,-0.45088885360186226,-0.050776515912445336,0.9188684357023679,0
1.3890273078291577,0.5659371761973222,0.41407406916729605,-1.0839715591651158,-0.12339661597450699,0
0.12214832925435565,0.35492825469098666,-0.8166569181767986,-0.3975945313632214,-0.8168633251326273,0
-0.060934447295927,1.0645367970561896,0.3735251390659848,-0.5240405882006527,-0.2748696773444976,0
-1.0107172483580396,1.208173321410184,0.11521162073101096,-0.05340047127942341,-0.9077046244727947,0
-0.7116465061348103,1.1275156136464992,-0.0636060047293756,0.0010781863993747625,0.2427206978682637,0
-1.2325451745590772,0.7078622622330368,0.6475068161415349,-0.14446263585283367,-0.014688446362961412,0
0.6061838435557491,0.45567045516253596,0.07069085940558881,0.8137121322243258,-0.4100190058314195,0
0.44096629240722623,0.938246253449991,-0.6610205499081379,0.6189144739147359,0.4256342282222255,0
-1.4377170078852322,1.0267682354460637,0.5619401187769477,0.8949343427275679,0.13501570859931508,0
-1.1963246814941269,1.5211678227771366,-0.14629970395181977,0.7545563373259164,0.1983182333806046,0
-0.8298574508184786,0.26298606707836875,-0.13491030997631204,0.3112173454501028,0.25036467495068515,0
-0.7116387972432697,0.13915020079824503,1.1986685796076502,-1.062915272195469,0.14677008103905634,0
-1.2474960508071926,1.2706963877351412,-0.27184799738534093,0.5779135567731873,-0.3491541949432112,0
1.0296782407791305,0.9007158871936396,-1.2538145640503042,0.2738805613240393,0.5476698950945522,0
-0.45175569930632453,0.7737862448122479,-0.38367296871452916,0.7300715333025952,-0.3804431538264227,0
-1.1264004909127272,0.20940576228225521,-1.0746054497002666,-0.16021001904810933,0.4205851982405406,0
-0.9341245850552518,1.6340033681109645,-0.7016896675055428,-0.11345794187536973,0.4466560961994947,0
0.15137846150163226,0.8871683484766874,2.025053247275905,0.09794600310327731,-0.44693475746134576,0
-0.2583106937378463,0.6358268930775067,-0.075941613235397,-0.997165220865493,0.7361517501053407,0
0.006111200091434811,-0.028620487726230957,0.00931204523950676,-0.04238202063112012,-0.014054870296793592,0
-1.4880416657761697,0.9375101492047228,-1.0872723840149243,0.1962363250138114,-0.05336195109225593,0
-0.004028533218247796,-1.4842159533810064,0.874318196222199,1.0876283146221535,-0.21192554612534156,0
-0.5139911036012454,0.3332896172742912,3.255239819887535,1.6999703488902798,0.3748297188796829,0
2.9155224370311794,-0.9296017771700934,-0.11523965306099783,1.1182039164726114,1.4721535672863346,0
2.9214099126010304,-0.48395975386118173,0.21189726984224805,1.3794446382923156,1.353386941233819,0
-0.21838598684390276,1.0439666426628094,-0.4900809658446479,-0.17906434761266496,-0.4825144236029102,0
0.8489642782325538,0.5359013878681474,-1.4783948526832411,-0.3100568928560147,-0.5152417126173962,0
1.7910320144432734,-0.3260110767664548,-1.4107409087280796,-0.035376736970395554,-0.35479034431124085,0
-0.9205800817260474,1.1870810715393014,0.13446835978652102,0.19000553803422643,-0.5754982518993313,0
